ilinks,page_titleTE
Kali,కాళికాదేవి
Shaivism,శైవము
Shiva,శివుడు
Bhakti,భక్తి
Nayanars,నాయనార్లు
Maha Shivaratri,మహాశివరాత్రి
Jyotirlinga,ద్వాదశ జ్యోతిర్లింగాలు
Parvati,పార్వతి
Shvetashvatara Upanishad,శ్వేతాశ్వతర
Virabhadra,వీరభద్రుడు
Kartikeya,షణ్ముఖుడు
Ganesha,వినాయకుడు
Vibhuti,విభూతి
Vedas,చతుర్వేదాలు
Lingayatism,లింగాయతి
Siddhar,సిద్ధుడు
Aegle marmelos,మారేడు
Basava,బసవేశ్వరుడు
Tantra,తంత్ర దర్శనము
Abhinavagupta,అభినవ గుప్తుడు
Jangam,జంగం (కులం)
Lingam,శివ లింగము
Rudra,రుద్రుడు
Aghori,అఘోరా
Yoga,యోగా